smortn,3108e736-b90e-3ca8-a4c7-230fcbad1639
xvx_gamer_xvx,bf52f012-8ebc-3bcd-b3f2-8aab0cae2a26
honza2,50b163bc-6cf0-36f2-8435-d8aacefaee7a
jozycz,120de63d-ceb6-3403-ae6b-37936164aa2d
dhdv3hdfeqo,32de19ea-d971-3820-b9f4-5713191b9724
dummy,a29a34e8-fb0c-3288-98e9-aafdba8b021f
nikylzz,7a5c4b77-d2a6-30f9-96da-362c021f9c4f
serversmoocher82,e6a7b3cf-9dac-3801-a472-330bbe525445
serveroverflow,5de343b0-f43c-30a5-8b75-0d494f868512
dejmnok420,690c3a27-944a-3450-80fa-6cc8fd386fa1
bandor,9037c633-14bd-3154-b4c8-d92c1dfab780
cyberkrimineller,b8bad853-95cc-3b5a-a354-c92dcf330cfe
monsieurgillette,bbb3af7f-86dc-3218-a95f-23dc5581d9bf
ivanrex,6299c993-1b1d-39a1-980c-4f84e5536c14
rina,0431d018-2147-3fb7-8f41-a50c0809fea9
aioki0mckp,367586e4-cd4c-3c7e-8e29-aa6ba96b42dd
scobos,43266b27-d20d-3385-a4e4-ea3b6b5da75e
bunger,95608b22-7d7f-3267-b844-24cdd996c5ee
baty,2bc3629d-9629-3e32-9b85-57f382422986
skacekamen,4e8e7039-2b20-3c84-beb0-cb898a57b9af
keeehi,6451977e-87e4-3b0e-9c1c-5511e9e02168
throw_it_or_not,37c0a67e-3a85-31f6-8cb3-5ee176b12376
luckdelli,dfa2d587-ef94-3b7d-b928-89e1917965c2
0xcb,a6049c41-b5e6-363f-bad1-d97b1952174b
sid0rr0,0589a4a7-049a-347a-bc56-49627569882e
tomas32012,b503adc8-2e7b-3353-a0fd-ed3eef5c01ec
kaja,dd176b05-d194-30b1-92c8-0b0c590f64d9
minecraft,9c45ca93-3d48-3de5-a933-e664ce8bfda7
matoxol,6ea2d4b0-7124-342b-86a5-c502dae0614f
northernside,97cedeb9-0f78-362d-9ed3-ebb40182b5d5
dominik,d2a083ff-a805-34e8-9b5f-dde8aa6bf44d
honza,6ea3b121-9160-36bc-a5ae-dd07012e2bb7
lighthouse,3e8b2542-fd47-33e8-a364-ad302b9b6a89
360yogi,2af0aaec-4334-30be-9126-bcfd00be5da9
yzyi,5ca883fd-690f-3f89-8e58-388c54b4835c
ahqehqaedqccf,64de2183-0d4e-324e-9eba-578f2b0d7ea8
masscan,08e0740e-db1b-3a2a-9c6f-35e403c15f12
shepan,2fe7e2bc-14bd-30b9-a320-55d7e9f8569b
ekhisk,2399edb9-83bb-3a9e-b797-6d8fae9ca217
kamen,bca6998c-6bfb-3491-84a7-ceae31d20707
callmeradi,a9b3d983-83bf-3312-9c24-b9d6efcfbd05
aleonor,3f65d31d-6d11-3abc-993b-514cfe0b9141
ooqnljvd0uj,e207be63-b350-308d-bfa3-a158e2c3b2ae
i4mooc,99cf045f-cec2-325f-a995-e4a2df17e4fc
trautenberkcz,a70222fb-c3cd-3848-bdce-f5d8781fef30
kajaf,04de58f1-9b0e-3960-8670-a4fc3d61b471
bilibili_feng,c3e5c768-02b8-378e-9344-64e233dfdaf6
lfrhnvmi7gk,6cb29027-c2f9-323d-99ef-4b1942d05b8a
profilama,7ca050ed-1732-303c-8d3c-0ed413f38818
o1uzif_aahcs,1852d8ab-ef85-3339-96af-4352f5fc8da5
kata,4846adcd-5798-3ded-8e7c-3d8401cc73c8
notmasscan,97c60b2d-c4e6-3939-a842-cd3e23472f5f
bryarbaum,3de851fd-44c9-3da6-882a-38063e60cfbb
yepvhxpmosp,8219f002-cb20-3c2f-ad7a-81ec7165d959
vtdkh,51e5f22e-ebe6-3760-bbec-e10c8c4ac000
tucnace,fa7eb788-ccee-3656-80e8-806c8b6924bc
herobrine,80f432b1-e8dc-3f68-bca4-b1fe4dcc78f1
esg_schwitzer,ae91ed88-357f-300a-98f8-5f0ec1a25f1d
